DISPLAY_FIRST_LAST,FIRST_NAME,GP,HEIGHT,LAST_NAME,PERSON_ID,PLAYER_ID,PLAYER_NAME,POSITION,TEAM_ABBREVIATION,TEAM_ID,TEAM_NAME,WEIGHT
AJ Hammons,AJ,8.0,84.0,Hammons,1627773.0,1627773.0,AJ Hammons,Center,DAL,1610612742.0,Mavericks,260
Aaron Brooks,Aaron,18.0,72.0,Brooks,201166.0,201166.0,Aaron Brooks,Guard,IND,1610612754.0,Pacers,161
Aaron Gordon,Aaron,21.0,81.0,Gordon,203932.0,203932.0,Aaron Gordon,Forward,ORL,1610612753.0,Magic,220
Aaron Harrison,Aaron,4.0,78.0,Harrison,1626151.0,1626151.0,Aaron Harrison,Guard,CHA,1610612766.0,Hornets,210
Adreian Payne,Adreian,7.0,82.0,Payne,203940.0,203940.0,Adreian Payne,Forward,MIN,1610612750.0,Timberwolves,237
Al Horford,Al,11.0,82.0,Horford,201143.0,201143.0,Al Horford,Center,BOS,1610612738.0,Celtics,245
Al Jefferson,Al,21.0,82.0,Jefferson,2744.0,2744.0,Al Jefferson,Center,IND,1610612754.0,Pacers,289
Al-Farouq Aminu,Al-Farouq,9.0,81.0,Aminu,202329.0,202329.0,Al-Farouq Aminu,Forward,POR,1610612757.0,Trail Blazers,220
Alan Anderson,Alan,2.0,78.0,Anderson,101187.0,101187.0,Alan Anderson,Forward-Guard,LAC,1610612746.0,Clippers,220
Alan Williams,Alan,8.0,80.0,Williams,1626210.0,1626210.0,Alan Williams,Forward-Center,PHX,1610612756.0,Suns,260
Alex Abrines,Alex,16.0,78.0,Abrines,203518.0,203518.0,Alex Abrines,Guard-Forward,OKC,1610612760.0,Thunder,190
Alex Len,Alex,20.0,85.0,Len,203458.0,203458.0,Alex Len,Center,PHX,1610612756.0,Suns,260
Alexis Ajinca,Alexis,10.0,86.0,Ajinca,201582.0,201582.0,Alexis Ajinca,Center,NOP,1610612740.0,Pelicans,248
Allen Crabbe,Allen,22.0,78.0,Crabbe,203459.0,203459.0,Allen Crabbe,Guard,POR,1610612757.0,Trail Blazers,215
Alonzo Gee,Alonzo,10.0,78.0,Gee,202087.0,202087.0,Alonzo Gee,Forward,DEN,1610612743.0,Nuggets,225
Amir Johnson,Amir,21.0,81.0,Johnson,101161.0,101161.0,Amir Johnson,Forward,BOS,1610612738.0,Celtics,240
Anderson Varejao,Anderson,6.0,83.0,Varejao,2760.0,2760.0,Anderson Varejao,Center,GSW,1610612744.0,Warriors,273
Andre Drummond,Andre,21.0,83.0,Drummond,203083.0,203083.0,Andre Drummond,Center,DET,1610612765.0,Pistons,279
Andre Iguodala,Andre,21.0,78.0,Iguodala,2738.0,2738.0,Andre Iguodala,Guard-Forward,GSW,1610612744.0,Warriors,215
Andre Roberson,Andre,22.0,79.0,Roberson,203460.0,203460.0,Andre Roberson,Forward,OKC,1610612760.0,Thunder,210
Andrew Bogut,Andrew,16.0,84.0,Bogut,101106.0,101106.0,Andrew Bogut,Center,DAL,1610612742.0,Mavericks,260
Andrew Harrison,Andrew,21.0,78.0,Harrison,1626150.0,1626150.0,Andrew Harrison,Guard,MEM,1610612763.0,Grizzlies,213
Andrew Nicholson,Andrew,13.0,81.0,Nicholson,203094.0,203094.0,Andrew Nicholson,Forward,WAS,1610612764.0,Wizards,250
Andrew Wiggins,Andrew,20.0,80.0,Wiggins,203952.0,203952.0,Andrew Wiggins,Forward,MIN,1610612750.0,Timberwolves,199
Anthony Bennett,Anthony,13.0,80.0,Bennett,203461.0,203461.0,Anthony Bennett,Forward,BKN,1610612751.0,Nets,235
Anthony Brown,Anthony,8.0,79.0,Brown,1626148.0,1626148.0,Anthony Brown,Forward,NOP,1610612740.0,Pelicans,210
Anthony Davis,Anthony,21.0,83.0,Davis,203076.0,203076.0,Anthony Davis,Forward-Center,NOP,1610612740.0,Pelicans,253
Anthony Morrow,Anthony,16.0,77.0,Morrow,201627.0,201627.0,Anthony Morrow,Guard,OKC,1610612760.0,Thunder,210
Anthony Tolliver,Anthony,8.0,80.0,Tolliver,201229.0,201229.0,Anthony Tolliver,Forward,SAC,1610612758.0,Kings,240
Arinze Onuaku,Arinze,3.0,81.0,Onuaku,202620.0,202620.0,Arinze Onuaku,Forward-Center,ORL,1610612753.0,Magic,255
Aron Baynes,Aron,22.0,82.0,Baynes,203382.0,203382.0,Aron Baynes,Center-Forward,DET,1610612765.0,Pistons,260
Arron Afflalo,Arron,20.0,77.0,Afflalo,201167.0,201167.0,Arron Afflalo,Guard,SAC,1610612758.0,Kings,210
Austin Rivers,Austin,22.0,76.0,Rivers,203085.0,203085.0,Austin Rivers,Guard,LAC,1610612746.0,Clippers,200
Avery Bradley,Avery,21.0,74.0,Bradley,202340.0,202340.0,Avery Bradley,Guard,BOS,1610612738.0,Celtics,180
Ben McLemore,Ben,15.0,77.0,McLemore,203463.0,203463.0,Ben McLemore,Guard,SAC,1610612758.0,Kings,195
Beno Udrih,Beno,21.0,75.0,Udrih,2757.0,2757.0,Beno Udrih,Guard,DET,1610612765.0,Pistons,205
Bismack Biyombo,Bismack,20.0,81.0,Biyombo,202687.0,202687.0,Bismack Biyombo,Center-Forward,ORL,1610612753.0,Magic,255
Blake Griffin,Blake,21.0,82.0,Griffin,201933.0,201933.0,Blake Griffin,Forward,LAC,1610612746.0,Clippers,251
Boban Marjanovic,Boban,9.0,87.0,Marjanovic,1626246.0,1626246.0,Boban Marjanovic,Center,DET,1610612765.0,Pistons,290
Bobby Portis,Bobby,18.0,83.0,Portis,1626171.0,1626171.0,Bobby Portis,Forward,CHI,1610612741.0,Bulls,246
Bojan Bogdanovic,Bojan,20.0,80.0,Bogdanovic,202711.0,202711.0,Bojan Bogdanovic,Guard,BKN,1610612751.0,Nets,225
Boris Diaw,Boris,13.0,80.0,Diaw,2564.0,2564.0,Boris Diaw,Center-Forward,UTA,1610612762.0,Jazz,250
Bradley Beal,Bradley,16.0,77.0,Beal,203078.0,203078.0,Bradley Beal,Guard,WAS,1610612764.0,Wizards,207
Brandon Bass,Brandon,12.0,80.0,Bass,101138.0,101138.0,Brandon Bass,Forward,LAC,1610612746.0,Clippers,250
Brandon Ingram,Brandon,23.0,81.0,Ingram,1627742.0,1627742.0,Brandon Ingram,Forward,LAL,1610612747.0,Lakers,190
Brandon Jennings,Brandon,20.0,73.0,Jennings,201943.0,201943.0,Brandon Jennings,Guard,NYK,1610612752.0,Knicks,170
Brandon Knight,Brandon,20.0,75.0,Knight,202688.0,202688.0,Brandon Knight,Guard,PHX,1610612756.0,Suns,195
Brandon Rush,Brandon,9.0,78.0,Rush,201575.0,201575.0,Brandon Rush,Guard-Forward,MIN,1610612750.0,Timberwolves,225
Brian Roberts,Brian,5.0,73.0,Roberts,203148.0,203148.0,Brian Roberts,Guard,CHA,1610612766.0,Hornets,173
Brook Lopez,Brook,18.0,84.0,Lopez,201572.0,201572.0,Brook Lopez,Center,BKN,1610612751.0,Nets,268
Bruno Caboclo,Bruno,3.0,81.0,Caboclo,203998.0,203998.0,Bruno Caboclo,Forward,TOR,1610612761.0,Raptors,205
Bryn Forbes,Bryn,9.0,75.0,Forbes,1627854.0,1627854.0,Bryn Forbes,Guard,SAS,1610612759.0,Spurs,190
Buddy Hield,Buddy,22.0,76.0,Hield,1627741.0,1627741.0,Buddy Hield,Guard,NOP,1610612740.0,Pelicans,214
CJ McCollum,CJ,22.0,75.0,McCollum,203468.0,203468.0,CJ McCollum,Guard,POR,1610612757.0,Trail Blazers,190
CJ Miles,CJ,15.0,78.0,Miles,101139.0,101139.0,CJ Miles,Forward-Guard,IND,1610612754.0,Pacers,225
CJ Watson,CJ,17.0,74.0,Watson,201228.0,201228.0,CJ Watson,Guard,ORL,1610612753.0,Magic,175
CJ Wilcox,CJ,8.0,77.0,Wilcox,203912.0,203912.0,CJ Wilcox,Guard,ORL,1610612753.0,Magic,195
Carmelo Anthony,Carmelo,20.0,80.0,Anthony,2546.0,2546.0,Carmelo Anthony,Forward,NYK,1610612752.0,Knicks,240
Chandler Parsons,Chandler,6.0,82.0,Parsons,202718.0,202718.0,Chandler Parsons,Forward,MEM,1610612763.0,Grizzlies,230
Channing Frye,Channing,14.0,83.0,Frye,101112.0,101112.0,Channing Frye,Forward,CLE,1610612739.0,Cavaliers,255
Cheick Diallo,Cheick,2.0,81.0,Diallo,1627767.0,1627767.0,Cheick Diallo,Forward,NOP,1610612740.0,Pelicans,220
Chris Andersen,Chris,8.0,82.0,Andersen,2365.0,2365.0,Chris Andersen,Forward-Center,CLE,1610612739.0,Cavaliers,245
Chris McCullough,Chris,9.0,81.0,McCullough,1626191.0,1626191.0,Chris McCullough,Forward,BKN,1610612751.0,Nets,215
Chris Paul,Chris,22.0,72.0,Paul,101108.0,101108.0,Chris Paul,Guard,LAC,1610612746.0,Clippers,175
Christian Wood,Christian,1.0,83.0,Wood,1626174.0,1626174.0,Christian Wood,Forward,CHA,1610612766.0,Hornets,220
Clint Capela,Clint,21.0,82.0,Capela,203991.0,203991.0,Clint Capela,Center,HOU,1610612745.0,Rockets,240
Cody Zeller,Cody,18.0,84.0,Zeller,203469.0,203469.0,Cody Zeller,Center,CHA,1610612766.0,Hornets,240
Cole Aldrich,Cole,20.0,83.0,Aldrich,202332.0,202332.0,Cole Aldrich,Center,MIN,1610612750.0,Timberwolves,250
Corey Brewer,Corey,21.0,81.0,Brewer,201147.0,201147.0,Corey Brewer,Forward,HOU,1610612745.0,Rockets,186
Cory Joseph,Cory,21.0,75.0,Joseph,202709.0,202709.0,Cory Joseph,Guard,TOR,1610612761.0,Raptors,190
Courtney Lee,Courtney,18.0,77.0,Lee,201584.0,201584.0,Courtney Lee,Guard,NYK,1610612752.0,Knicks,200
Cristiano Felicio,Cristiano,12.0,81.0,Felicio,1626245.0,1626245.0,Cristiano Felicio,Forward-Center,CHI,1610612741.0,Bulls,266
D'Angelo Russell,D'Angelo,13.0,77.0,Russell,1626156.0,1626156.0,D'Angelo Russell,Guard,LAL,1610612747.0,Lakers,195
D.J. Augustin,D.J.,21.0,72.0,Augustin,201571.0,201571.0,D.J. Augustin,Guard,ORL,1610612753.0,Magic,183
Damian Lillard,Damian,22.0,75.0,Lillard,203081.0,203081.0,Damian Lillard,Guard,POR,1610612757.0,Trail Blazers,195
Damjan Rudez,Damjan,11.0,82.0,Rudez,204014.0,204014.0,Damjan Rudez,Forward,ORL,1610612753.0,Magic,228
Daniel Ochefu,Daniel,3.0,83.0,Ochefu,1627849.0,1627849.0,Daniel Ochefu,Forward,WAS,1610612764.0,Wizards,245
Danilo Gallinari,Danilo,18.0,82.0,Gallinari,201568.0,201568.0,Danilo Gallinari,Forward,DEN,1610612743.0,Nuggets,225
Danny Green,Danny,13.0,78.0,Green,201980.0,201980.0,Danny Green,Guard-Forward,SAS,1610612759.0,Spurs,215
Dante Cunningham,Dante,15.0,80.0,Cunningham,201967.0,201967.0,Dante Cunningham,Forward,NOP,1610612740.0,Pelicans,230
Dante Exum,Dante,21.0,78.0,Exum,203957.0,203957.0,Dante Exum,Guard,UTA,1610612762.0,Jazz,190
Danuel House,Danuel,1.0,79.0,House,1627863.0,1627863.0,Danuel House,Forward,WAS,1610612764.0,Wizards,215
Dario Saric,Dario,21.0,82.0,Saric,203967.0,203967.0,Dario Saric,Forward,PHI,1610612755.0,76ers,223
Darrell Arthur,Darrell,8.0,81.0,Arthur,201589.0,201589.0,Darrell Arthur,Forward,DEN,1610612743.0,Nuggets,235
Darren Collison,Darren,12.0,72.0,Collison,201954.0,201954.0,Darren Collison,Guard,SAC,1610612758.0,Kings,175
Darrun Hilliard,Darrun,12.0,78.0,Hilliard,1626199.0,1626199.0,Darrun Hilliard,Guard-Forward,DET,1610612765.0,Pistons,205
David Lee,David,21.0,81.0,Lee,101135.0,101135.0,David Lee,Forward-Center,SAS,1610612759.0,Spurs,245
David West,David,21.0,81.0,West,2561.0,2561.0,David West,Forward,GSW,1610612744.0,Warriors,250
Davis Bertans,Davis,17.0,82.0,Bertans,202722.0,202722.0,Davis Bertans,Forward,SAS,1610612759.0,Spurs,210
DeAndre Jordan,DeAndre,22.0,83.0,Jordan,201599.0,201599.0,DeAndre Jordan,Center,LAC,1610612746.0,Clippers,265
DeAndre Liggins,DeAndre,11.0,78.0,Liggins,202732.0,202732.0,DeAndre Liggins,Guard,CLE,1610612739.0,Cavaliers,209
DeAndre' Bembry,DeAndre',8.0,78.0,Bembry,1627761.0,1627761.0,DeAndre' Bembry,Forward-Guard,ATL,1610612737.0,Hawks,210
DeMar DeRozan,DeMar,21.0,79.0,DeRozan,201942.0,201942.0,DeMar DeRozan,Guard,TOR,1610612761.0,Raptors,220
DeMarcus Cousins,DeMarcus,20.0,83.0,Cousins,202326.0,202326.0,DeMarcus Cousins,Center,SAC,1610612758.0,Kings,270
DeMarre Carroll,DeMarre,17.0,80.0,Carroll,201960.0,201960.0,DeMarre Carroll,Forward,TOR,1610612761.0,Raptors,212
Dejounte Murray,Dejounte,11.0,77.0,Murray,1627749.0,1627749.0,Dejounte Murray,Guard,SAS,1610612759.0,Spurs,170
Demetrius Jackson,Demetrius,3.0,73.0,Jackson,1627743.0,1627743.0,Demetrius Jackson,Guard,BOS,1610612738.0,Celtics,201
Dennis Schroder,Dennis,22.0,73.0,Schroder,203471.0,203471.0,Dennis Schroder,Guard,ATL,1610612737.0,Hawks,172
Denzel Valentine,Denzel,16.0,78.0,Valentine,1627756.0,1627756.0,Denzel Valentine,Guard,CHI,1610612741.0,Bulls,212
Deron Williams,Deron,12.0,75.0,Williams,101114.0,101114.0,Deron Williams,Guard,DAL,1610612742.0,Mavericks,200
Derrick Favors,Derrick,11.0,82.0,Favors,202324.0,202324.0,Derrick Favors,Forward-Center,UTA,1610612762.0,Jazz,265
"Derrick Jones, Jr.",Derrick,1.0,79.0,"Jones, Jr.",1627884.0,1627884.0,"Derrick Jones, Jr.",Forward,PHX,1610612756.0,Suns,190
Derrick Rose,Derrick,20.0,75.0,Rose,201565.0,201565.0,Derrick Rose,Guard,NYK,1610612752.0,Knicks,190
Derrick Williams,Derrick,11.0,80.0,Williams,202682.0,202682.0,Derrick Williams,Forward,MIA,1610612748.0,Heat,240
Devin Booker,Devin,19.0,78.0,Booker,1626164.0,1626164.0,Devin Booker,Guard,PHX,1610612756.0,Suns,206
Devin Harris,Devin,4.0,75.0,Harris,2734.0,2734.0,Devin Harris,Guard,DAL,1610612742.0,Mavericks,185
Dewayne Dedmon,Dewayne,15.0,84.0,Dedmon,203473.0,203473.0,Dewayne Dedmon,Center,SAS,1610612759.0,Spurs,245
Deyonta Davis,Deyonta,18.0,82.0,Davis,1627738.0,1627738.0,Deyonta Davis,Forward,MEM,1610612763.0,Grizzlies,240
Diamond Stone,Diamond,3.0,83.0,Stone,1627754.0,1627754.0,Diamond Stone,Center,LAC,1610612746.0,Clippers,255
Dion Waiters,Dion,16.0,76.0,Waiters,203079.0,203079.0,Dion Waiters,Guard,MIA,1610612748.0,Heat,220
Dirk Nowitzki,Dirk,5.0,84.0,Nowitzki,1717.0,1717.0,Dirk Nowitzki,Forward,DAL,1610612742.0,Mavericks,245
Domantas Sabonis,Domantas,22.0,83.0,Sabonis,1627734.0,1627734.0,Domantas Sabonis,Forward,OKC,1610612760.0,Thunder,240
Dorian Finney-Smith,Dorian,19.0,80.0,Finney-Smith,1627827.0,1627827.0,Dorian Finney-Smith,Forward,DAL,1610612742.0,Mavericks,220
Doug McDermott,Doug,9.0,80.0,McDermott,203926.0,203926.0,Doug McDermott,Forward,CHI,1610612741.0,Bulls,219
Dragan Bender,Dragan,15.0,85.0,Bender,1627733.0,1627733.0,Dragan Bender,Forward,PHX,1610612756.0,Suns,225
Draymond Green,Draymond,20.0,79.0,Green,203110.0,203110.0,Draymond Green,Forward,GSW,1610612744.0,Warriors,230
Dwight Howard,Dwight,21.0,83.0,Howard,2730.0,2730.0,Dwight Howard,Center,ATL,1610612737.0,Hawks,265
Dwight Powell,Dwight,20.0,83.0,Powell,203939.0,203939.0,Dwight Powell,Forward-Center,DAL,1610612742.0,Mavericks,240
Dwyane Wade,Dwyane,18.0,76.0,Wade,2548.0,2548.0,Dwyane Wade,Guard,CHI,1610612741.0,Bulls,220
E'Twaun Moore,E'Twaun,20.0,76.0,Moore,202734.0,202734.0,E'Twaun Moore,Guard,NOP,1610612740.0,Pelicans,191
Ed Davis,Ed,22.0,82.0,Davis,202334.0,202334.0,Ed Davis,Forward,POR,1610612757.0,Trail Blazers,245
Elfrid Payton,Elfrid,21.0,76.0,Payton,203901.0,203901.0,Elfrid Payton,Guard,ORL,1610612753.0,Magic,185
Emmanuel Mudiay,Emmanuel,21.0,77.0,Mudiay,1626144.0,1626144.0,Emmanuel Mudiay,Guard,DEN,1610612743.0,Nuggets,200
Enes Kanter,Enes,22.0,83.0,Kanter,202683.0,202683.0,Enes Kanter,Center,OKC,1610612760.0,Thunder,245
Eric Bledsoe,Eric,20.0,73.0,Bledsoe,202339.0,202339.0,Eric Bledsoe,Guard,PHX,1610612756.0,Suns,205
Eric Gordon,Eric,21.0,76.0,Gordon,201569.0,201569.0,Eric Gordon,Guard,HOU,1610612745.0,Rockets,215
Ersan Ilyasova,Ersan,21.0,82.0,Ilyasova,101141.0,101141.0,Ersan Ilyasova,Forward,PHI,1610612755.0,76ers,235
Evan Fournier,Evan,21.0,79.0,Fournier,203095.0,203095.0,Evan Fournier,Guard-Forward,ORL,1610612753.0,Magic,205
Evan Turner,Evan,22.0,79.0,Turner,202323.0,202323.0,Evan Turner,Guard-Forward,POR,1610612757.0,Trail Blazers,220
Frank Kaminsky,Frank,19.0,84.0,Kaminsky,1626163.0,1626163.0,Frank Kaminsky,Center,CHA,1610612766.0,Hornets,240
Fred VanVleet,Fred,5.0,72.0,VanVleet,1627832.0,1627832.0,Fred VanVleet,Guard,TOR,1610612761.0,Raptors,195
Garrett Temple,Garrett,20.0,78.0,Temple,202066.0,202066.0,Garrett Temple,Guard,SAC,1610612758.0,Kings,195
Gary Harris,Gary,5.0,76.0,Harris,203914.0,203914.0,Gary Harris,Guard,DEN,1610612743.0,Nuggets,210
George Hill,George,11.0,75.0,Hill,201588.0,201588.0,George Hill,Guard,UTA,1610612762.0,Jazz,188
Georges Niang,Georges,13.0,80.0,Niang,1627777.0,1627777.0,Georges Niang,Forward,IND,1610612754.0,Pacers,230
Georgios Papagiannis,Georgios,1.0,85.0,Papagiannis,1627834.0,1627834.0,Georgios Papagiannis,Center,SAC,1610612758.0,Kings,240
Gerald Green,Gerald,11.0,79.0,Green,101123.0,101123.0,Gerald Green,Forward,BOS,1610612738.0,Celtics,205
Gerald Henderson,Gerald,20.0,77.0,Henderson,201945.0,201945.0,Gerald Henderson,Guard,PHI,1610612755.0,76ers,215
Giannis Antetokounmpo,Giannis,19.0,83.0,Antetokounmpo,203507.0,203507.0,Giannis Antetokounmpo,Forward-Guard,MIL,1610612749.0,Bucks,222
Glenn Robinson,Glenn,19.0,78.0,Robinson,203922.0,203922.0,Glenn Robinson,Guard-Forward,IND,1610612754.0,Pacers,222
Goran Dragic,Goran,15.0,75.0,Dragic,201609.0,201609.0,Goran Dragic,Guard,MIA,1610612748.0,Heat,190
Gordon Hayward,Gordon,16.0,80.0,Hayward,202330.0,202330.0,Gordon Hayward,Forward,UTA,1610612762.0,Jazz,226
Gorgui Dieng,Gorgui,20.0,83.0,Dieng,203476.0,203476.0,Gorgui Dieng,Forward-Center,MIN,1610612750.0,Timberwolves,240
Greg Monroe,Greg,18.0,83.0,Monroe,202328.0,202328.0,Greg Monroe,Center,MIL,1610612749.0,Bucks,265
Harrison Barnes,Harrison,20.0,80.0,Barnes,203084.0,203084.0,Harrison Barnes,Forward,DAL,1610612742.0,Mavericks,225
Hassan Whiteside,Hassan,20.0,84.0,Whiteside,202355.0,202355.0,Hassan Whiteside,Center,MIA,1610612748.0,Heat,265
Henry Ellenson,Henry,5.0,83.0,Ellenson,1627740.0,1627740.0,Henry Ellenson,Forward,DET,1610612765.0,Pistons,245
Hollis Thompson,Hollis,21.0,80.0,Thompson,203138.0,203138.0,Hollis Thompson,Forward,PHI,1610612755.0,76ers,206
Ian Clark,Ian,18.0,75.0,Clark,203546.0,203546.0,Ian Clark,Guard,GSW,1610612744.0,Warriors,175
Ian Mahinmi,Ian,1.0,83.0,Mahinmi,101133.0,101133.0,Ian Mahinmi,Center,WAS,1610612764.0,Wizards,262
Iman Shumpert,Iman,18.0,77.0,Shumpert,202697.0,202697.0,Iman Shumpert,Guard,CLE,1610612739.0,Cavaliers,220
Isaiah Canaan,Isaiah,20.0,72.0,Canaan,203477.0,203477.0,Isaiah Canaan,Guard,CHI,1610612741.0,Bulls,201
Isaiah Thomas,Isaiah,21.0,69.0,Thomas,202738.0,202738.0,Isaiah Thomas,Guard,BOS,1610612738.0,Celtics,185
Isaiah Whitehead,Isaiah,16.0,76.0,Whitehead,1627785.0,1627785.0,Isaiah Whitehead,Guard,BKN,1610612751.0,Nets,213
Ish Smith,Ish,22.0,72.0,Smith,202397.0,202397.0,Ish Smith,Guard,DET,1610612765.0,Pistons,175
Ivica Zubac,Ivica,3.0,85.0,Zubac,1627826.0,1627826.0,Ivica Zubac,Center,LAL,1610612747.0,Lakers,240
J.J. Barea,J.J.,9.0,72.0,Barea,200826.0,200826.0,J.J. Barea,Guard,DAL,1610612742.0,Mavericks,185
JJ Redick,JJ,21.0,76.0,Redick,200755.0,200755.0,JJ Redick,Guard,LAC,1610612746.0,Clippers,190
JR Smith,JR,16.0,78.0,Smith,2747.0,2747.0,JR Smith,Guard,CLE,1610612739.0,Cavaliers,225
JaMychal Green,JaMychal,22.0,81.0,Green,203210.0,203210.0,JaMychal Green,Forward,MEM,1610612763.0,Grizzlies,227
JaVale McGee,JaVale,17.0,84.0,McGee,201580.0,201580.0,JaVale McGee,Center,GSW,1610612744.0,Warriors,270
Jabari Parker,Jabari,19.0,80.0,Parker,203953.0,203953.0,Jabari Parker,Forward,MIL,1610612749.0,Bucks,250
Jae Crowder,Jae,13.0,78.0,Crowder,203109.0,203109.0,Jae Crowder,Forward,BOS,1610612738.0,Celtics,235
Jahlil Okafor,Jahlil,19.0,83.0,Okafor,1626143.0,1626143.0,Jahlil Okafor,Center,PHI,1610612755.0,76ers,275
Jake Layman,Jake,12.0,81.0,Layman,1627774.0,1627774.0,Jake Layman,Forward,POR,1610612757.0,Trail Blazers,210
Jakob Poeltl,Jakob,11.0,84.0,Poeltl,1627751.0,1627751.0,Jakob Poeltl,Center,TOR,1610612761.0,Raptors,230
Jamal Crawford,Jamal,22.0,77.0,Crawford,2037.0,2037.0,Jamal Crawford,Guard,LAC,1610612746.0,Clippers,195
Jamal Murray,Jamal,21.0,76.0,Murray,1627750.0,1627750.0,Jamal Murray,Guard,DEN,1610612743.0,Nuggets,207
Jameer Nelson,Jameer,21.0,72.0,Nelson,2749.0,2749.0,Jameer Nelson,Guard,DEN,1610612743.0,Nuggets,190
James Ennis,James,14.0,79.0,Ennis,203516.0,203516.0,James Ennis,Forward,MEM,1610612763.0,Grizzlies,210
James Harden,James,21.0,77.0,Harden,201935.0,201935.0,James Harden,Guard,HOU,1610612745.0,Rockets,220
James Johnson,James,20.0,81.0,Johnson,201949.0,201949.0,James Johnson,Forward,MIA,1610612748.0,Heat,250
James Jones,James,10.0,80.0,Jones,2592.0,2592.0,James Jones,Guard-Forward,CLE,1610612739.0,Cavaliers,218
James Michael McAdoo,James Michael,9.0,81.0,McAdoo,203949.0,203949.0,James Michael McAdoo,Forward,GSW,1610612744.0,Warriors,240
James Young,James,11.0,78.0,Young,203923.0,203923.0,James Young,Guard-Forward,BOS,1610612738.0,Celtics,215
Jared Dudley,Jared,19.0,79.0,Dudley,201162.0,201162.0,Jared Dudley,Forward,PHX,1610612756.0,Suns,225
Jarell Martin,Jarell,21.0,82.0,Martin,1626185.0,1626185.0,Jarell Martin,Forward,MEM,1610612763.0,Grizzlies,239
Jason Smith,Jason,18.0,84.0,Smith,201160.0,201160.0,Jason Smith,Forward-Center,WAS,1610612764.0,Wizards,240
Jason Terry,Jason,14.0,74.0,Terry,1891.0,1891.0,Jason Terry,Guard,MIL,1610612749.0,Bucks,185
Jaylen Brown,Jaylen,21.0,79.0,Brown,1627759.0,1627759.0,Jaylen Brown,Forward,BOS,1610612738.0,Celtics,225
Jeff Green,Jeff,20.0,81.0,Green,201145.0,201145.0,Jeff Green,Forward,ORL,1610612753.0,Magic,235
Jeff Teague,Jeff,21.0,74.0,Teague,201952.0,201952.0,Jeff Teague,Guard,IND,1610612754.0,Pacers,186
Jeff Withey,Jeff,18.0,84.0,Withey,203481.0,203481.0,Jeff Withey,Center,UTA,1610612762.0,Jazz,231
Jerami Grant,Jerami,21.0,81.0,Grant,203924.0,203924.0,Jerami Grant,Forward,OKC,1610612760.0,Thunder,210
Jeremy Lamb,Jeremy,10.0,77.0,Lamb,203087.0,203087.0,Jeremy Lamb,Guard,CHA,1610612766.0,Hornets,185
Jeremy Lin,Jeremy,5.0,75.0,Lin,202391.0,202391.0,Jeremy Lin,Guard,BKN,1610612751.0,Nets,200
Jerian Grant,Jerian,14.0,76.0,Grant,1626170.0,1626170.0,Jerian Grant,Guard,CHI,1610612741.0,Bulls,198
Jerryd Bayless,Jerryd,3.0,75.0,Bayless,201573.0,201573.0,Jerryd Bayless,Guard,PHI,1610612755.0,76ers,200
Jimmy Butler,Jimmy,20.0,79.0,Butler,202710.0,202710.0,Jimmy Butler,Forward,CHI,1610612741.0,Bulls,231
Joakim Noah,Joakim,16.0,83.0,Noah,201149.0,201149.0,Joakim Noah,Center,NYK,1610612752.0,Knicks,230
Jodie Meeks,Jodie,2.0,76.0,Meeks,201975.0,201975.0,Jodie Meeks,Guard,ORL,1610612753.0,Magic,210
Joe Harris,Joe,20.0,78.0,Harris,203925.0,203925.0,Joe Harris,Forward-Guard,BKN,1610612751.0,Nets,219
Joe Ingles,Joe,22.0,80.0,Ingles,204060.0,204060.0,Joe Ingles,Forward,UTA,1610612762.0,Jazz,226
Joe Johnson,Joe,22.0,79.0,Johnson,2207.0,2207.0,Joe Johnson,Forward-Guard,UTA,1610612762.0,Jazz,240
Joe Young,Joe,15.0,74.0,Young,1626202.0,1626202.0,Joe Young,Guard,IND,1610612754.0,Pacers,180
Joel Bolomboy,Joel,7.0,81.0,Bolomboy,1627762.0,1627762.0,Joel Bolomboy,Forward,UTA,1610612762.0,Jazz,235
Joel Embiid,Joel,14.0,84.0,Embiid,203954.0,203954.0,Joel Embiid,Center,PHI,1610612755.0,76ers,250
Joffrey Lauvergne,Joffrey,20.0,83.0,Lauvergne,203530.0,203530.0,Joffrey Lauvergne,Center-Forward,OKC,1610612760.0,Thunder,220
John Henson,John,17.0,83.0,Henson,203089.0,203089.0,John Henson,Forward,MIL,1610612749.0,Bucks,229
John Jenkins,John,3.0,76.0,Jenkins,203098.0,203098.0,John Jenkins,Guard,PHX,1610612756.0,Suns,215
John Lucas III,John,5.0,71.0,Lucas III,101249.0,101249.0,John Lucas III,Guard,MIN,1610612750.0,Timberwolves,166
John Wall,John,17.0,76.0,Wall,202322.0,202322.0,John Wall,Guard,WAS,1610612764.0,Wizards,210
Jon Leuer,Jon,22.0,82.0,Leuer,202720.0,202720.0,Jon Leuer,Forward,DET,1610612765.0,Pistons,228
Jonas Jerebko,Jonas,21.0,82.0,Jerebko,201973.0,201973.0,Jonas Jerebko,Forward,BOS,1610612738.0,Celtics,231
Jonas Valanciunas,Jonas,19.0,84.0,Valanciunas,202685.0,202685.0,Jonas Valanciunas,Center,TOR,1610612761.0,Raptors,255
Jonathan Gibson,Jonathan,10.0,74.0,Gibson,1626780.0,1626780.0,Jonathan Gibson,Guard,DAL,1610612742.0,Mavericks,185
Jonathon Simmons,Jonathon,21.0,78.0,Simmons,203613.0,203613.0,Jonathon Simmons,Guard-Forward,SAS,1610612759.0,Spurs,195
Jordan Clarkson,Jordan,23.0,77.0,Clarkson,203903.0,203903.0,Jordan Clarkson,Guard,LAL,1610612747.0,Lakers,194
Jordan Hill,Jordan,2.0,82.0,Hill,201941.0,201941.0,Jordan Hill,Forward-Center,MIN,1610612750.0,Timberwolves,240
Jordan McRae,Jordan,11.0,77.0,McRae,203895.0,203895.0,Jordan McRae,Guard,CLE,1610612739.0,Cavaliers,179
Jordan Mickey,Jordan,8.0,80.0,Mickey,1626175.0,1626175.0,Jordan Mickey,Forward,BOS,1610612738.0,Celtics,235
Jose Calderon,Jose,14.0,75.0,Calderon,101181.0,101181.0,Jose Calderon,Guard,LAL,1610612747.0,Lakers,200
Josh McRoberts,Josh,11.0,82.0,McRoberts,201177.0,201177.0,Josh McRoberts,Forward,MIA,1610612748.0,Heat,240
Josh Richardson,Josh,13.0,78.0,Richardson,1626196.0,1626196.0,Josh Richardson,Guard,MIA,1610612748.0,Heat,200
Jrue Holiday,Jrue,9.0,76.0,Holiday,201950.0,201950.0,Jrue Holiday,Guard,NOP,1610612740.0,Pelicans,205
Juan Hernangomez,Juan,17.0,81.0,Hernangomez,1627823.0,1627823.0,Juan Hernangomez,Forward,DEN,1610612743.0,Nuggets,230
Julius Randle,Julius,20.0,81.0,Randle,203944.0,203944.0,Julius Randle,Forward,LAL,1610612747.0,Lakers,250
Justin Anderson,Justin,20.0,78.0,Anderson,1626147.0,1626147.0,Justin Anderson,Guard-Forward,DAL,1610612742.0,Mavericks,228
Justin Hamilton,Justin,20.0,84.0,Hamilton,203120.0,203120.0,Justin Hamilton,Center,BKN,1610612751.0,Nets,255
Justin Holiday,Justin,20.0,78.0,Holiday,203200.0,203200.0,Justin Holiday,Guard,NYK,1610612752.0,Knicks,185
Justise Winslow,Justise,9.0,79.0,Winslow,1626159.0,1626159.0,Justise Winslow,Forward,MIA,1610612748.0,Heat,225
Jusuf Nurkic,Jusuf,21.0,84.0,Nurkic,203994.0,203994.0,Jusuf Nurkic,Center,DEN,1610612743.0,Nuggets,280
KJ McDaniels,KJ,13.0,78.0,McDaniels,203909.0,203909.0,KJ McDaniels,Guard-Forward,HOU,1610612745.0,Rockets,205
Karl-Anthony Towns,Karl-Anthony,20.0,84.0,Towns,1626157.0,1626157.0,Karl-Anthony Towns,Center,MIN,1610612750.0,Timberwolves,244
Kawhi Leonard,Kawhi,21.0,79.0,Leonard,202695.0,202695.0,Kawhi Leonard,Forward,SAS,1610612759.0,Spurs,230
Kay Felder,Kay,7.0,69.0,Felder,1627770.0,1627770.0,Kay Felder,Guard,CLE,1610612739.0,Cavaliers,176
Kelly Olynyk,Kelly,15.0,84.0,Olynyk,203482.0,203482.0,Kelly Olynyk,Center-Forward,BOS,1610612738.0,Celtics,238
Kelly Oubre,Kelly,18.0,79.0,Oubre,1626162.0,1626162.0,Kelly Oubre,Forward,WAS,1610612764.0,Wizards,205
Kemba Walker,Kemba,21.0,73.0,Walker,202689.0,202689.0,Kemba Walker,Guard,CHA,1610612766.0,Hornets,184
Kenneth Faried,Kenneth,21.0,80.0,Faried,202702.0,202702.0,Kenneth Faried,Forward,DEN,1610612743.0,Nuggets,228
Kent Bazemore,Kent,22.0,77.0,Bazemore,203145.0,203145.0,Kent Bazemore,Forward-Guard,ATL,1610612737.0,Hawks,201
Kentavious Caldwell-Pope,Kentavious,22.0,77.0,Caldwell-Pope,203484.0,203484.0,Kentavious Caldwell-Pope,Guard,DET,1610612765.0,Pistons,205
Kevin Durant,Kevin,21.0,81.0,Durant,201142.0,201142.0,Kevin Durant,Forward,GSW,1610612744.0,Warriors,240
Kevin Love,Kevin,19.0,82.0,Love,201567.0,201567.0,Kevin Love,Forward,CLE,1610612739.0,Cavaliers,251
Kevin Seraphin,Kevin,12.0,82.0,Seraphin,202338.0,202338.0,Kevin Seraphin,Forward-Center,IND,1610612754.0,Pacers,278
Kevon Looney,Kevon,18.0,81.0,Looney,1626172.0,1626172.0,Kevon Looney,Forward,GSW,1610612744.0,Warriors,220
Klay Thompson,Klay,21.0,79.0,Thompson,202691.0,202691.0,Klay Thompson,Guard,GSW,1610612744.0,Warriors,215
Kosta Koufos,Kosta,20.0,84.0,Koufos,201585.0,201585.0,Kosta Koufos,Center,SAC,1610612758.0,Kings,265
Kris Dunn,Kris,20.0,76.0,Dunn,1627739.0,1627739.0,Kris Dunn,Guard,MIN,1610612750.0,Timberwolves,205
Kris Humphries,Kris,18.0,81.0,Humphries,2743.0,2743.0,Kris Humphries,Forward,ATL,1610612737.0,Hawks,235
Kristaps Porzingis,Kristaps,20.0,87.0,Porzingis,204001.0,204001.0,Kristaps Porzingis,Forward-Center,NYK,1610612752.0,Knicks,240
Kyle Anderson,Kyle,18.0,81.0,Anderson,203937.0,203937.0,Kyle Anderson,Guard-Forward,SAS,1610612759.0,Spurs,230
Kyle Korver,Kyle,20.0,79.0,Korver,2594.0,2594.0,Kyle Korver,Guard,ATL,1610612737.0,Hawks,212
Kyle Lowry,Kyle,21.0,72.0,Lowry,200768.0,200768.0,Kyle Lowry,Guard,TOR,1610612761.0,Raptors,205
Kyle O'Quinn,Kyle,20.0,82.0,O'Quinn,203124.0,203124.0,Kyle O'Quinn,Center-Forward,NYK,1610612752.0,Knicks,250
Kyle Singler,Kyle,10.0,80.0,Singler,202713.0,202713.0,Kyle Singler,Forward,OKC,1610612760.0,Thunder,228
Kyle Wiltjer,Kyle,4.0,82.0,Wiltjer,1627787.0,1627787.0,Kyle Wiltjer,Forward,HOU,1610612745.0,Rockets,240
Kyrie Irving,Kyrie,19.0,75.0,Irving,202681.0,202681.0,Kyrie Irving,Guard,CLE,1610612739.0,Cavaliers,193
LaMarcus Aldridge,LaMarcus,19.0,83.0,Aldridge,200746.0,200746.0,LaMarcus Aldridge,Forward,SAS,1610612759.0,Spurs,260
Lance Thomas,Lance,10.0,80.0,Thomas,202498.0,202498.0,Lance Thomas,Forward,NYK,1610612752.0,Knicks,235
Langston Galloway,Langston,22.0,74.0,Galloway,204038.0,204038.0,Langston Galloway,Guard,NOP,1610612740.0,Pelicans,200
Larry Nance Jr.,Larry,20.0,81.0,Nance Jr.,1626204.0,1626204.0,Larry Nance Jr.,Forward,LAL,1610612747.0,Lakers,230
Lavoy Allen,Lavoy,21.0,81.0,Allen,202730.0,202730.0,Lavoy Allen,Forward-Center,IND,1610612754.0,Pacers,260
LeBron James,LeBron,18.0,80.0,James,2544.0,2544.0,LeBron James,Forward,CLE,1610612739.0,Cavaliers,250
Leandro Barbosa,Leandro,19.0,75.0,Barbosa,2571.0,2571.0,Leandro Barbosa,Guard,PHX,1610612756.0,Suns,194
Lou Williams,Lou,23.0,73.0,Williams,101150.0,101150.0,Lou Williams,Guard,LAL,1610612747.0,Lakers,175
Luc Mbah a Moute,Luc,22.0,80.0,Mbah a Moute,201601.0,201601.0,Luc Mbah a Moute,Forward,LAC,1610612746.0,Clippers,230
Lucas Nogueira,Lucas,15.0,84.0,Nogueira,203512.0,203512.0,Lucas Nogueira,Center,TOR,1610612761.0,Raptors,220
Luis Scola,Luis,18.0,81.0,Scola,2449.0,2449.0,Luis Scola,Forward,BKN,1610612751.0,Nets,241
Luke Babbitt,Luke,19.0,81.0,Babbitt,202337.0,202337.0,Luke Babbitt,Forward,MIA,1610612748.0,Heat,225
Luol Deng,Luol,23.0,81.0,Deng,2736.0,2736.0,Luol Deng,Forward,LAL,1610612747.0,Lakers,220
Malachi Richardson,Malachi,2.0,78.0,Richardson,1627781.0,1627781.0,Malachi Richardson,Guard,SAC,1610612758.0,Kings,205
Malcolm Brogdon,Malcolm,19.0,77.0,Brogdon,1627763.0,1627763.0,Malcolm Brogdon,Guard,MIL,1610612749.0,Bucks,215
Malcolm Delaney,Malcolm,22.0,75.0,Delaney,1627098.0,1627098.0,Malcolm Delaney,Guard,ATL,1610612737.0,Hawks,190
Malik Beasley,Malik,9.0,77.0,Beasley,1627736.0,1627736.0,Malik Beasley,Guard,DEN,1610612743.0,Nuggets,196
Manu Ginobili,Manu,18.0,78.0,Ginobili,1938.0,1938.0,Manu Ginobili,Guard,SAS,1610612759.0,Spurs,205
Marc Gasol,Marc,21.0,85.0,Gasol,201188.0,201188.0,Marc Gasol,Center,MEM,1610612763.0,Grizzlies,255
Marcelo Huertas,Marcelo,10.0,75.0,Huertas,1626273.0,1626273.0,Marcelo Huertas,Guard,LAL,1610612747.0,Lakers,200
Marcin Gortat,Marcin,19.0,83.0,Gortat,101162.0,101162.0,Marcin Gortat,Center,WAS,1610612764.0,Wizards,240
Marco Belinelli,Marco,21.0,77.0,Belinelli,201158.0,201158.0,Marco Belinelli,Guard-Forward,CHA,1610612766.0,Hornets,210
Marcus Morris,Marcus,22.0,81.0,Morris,202694.0,202694.0,Marcus Morris,Forward,DET,1610612765.0,Pistons,235
Marcus Smart,Marcus,18.0,76.0,Smart,203935.0,203935.0,Marcus Smart,Guard,BOS,1610612738.0,Celtics,220
Marcus Thornton,Marcus,18.0,76.0,Thornton,201977.0,201977.0,Marcus Thornton,Guard-Forward,WAS,1610612764.0,Wizards,205
Mario Hezonja,Mario,13.0,80.0,Hezonja,1626209.0,1626209.0,Mario Hezonja,Guard-Forward,ORL,1610612753.0,Magic,218
Markieff Morris,Markieff,19.0,82.0,Morris,202693.0,202693.0,Markieff Morris,Forward,WAS,1610612764.0,Wizards,245
Marquese Chriss,Marquese,20.0,82.0,Chriss,1627737.0,1627737.0,Marquese Chriss,Forward,PHX,1610612756.0,Suns,233
Marreese Speights,Marreese,22.0,82.0,Speights,201578.0,201578.0,Marreese Speights,Forward-Center,LAC,1610612746.0,Clippers,255
Marshall Plumlee,Marshall,2.0,84.0,Plumlee,1627850.0,1627850.0,Marshall Plumlee,Center,NYK,1610612752.0,Knicks,250
Marvin Williams,Marvin,15.0,81.0,Williams,101107.0,101107.0,Marvin Williams,Forward,CHA,1610612766.0,Hornets,237
Mason Plumlee,Mason,22.0,83.0,Plumlee,203486.0,203486.0,Mason Plumlee,Center,POR,1610612757.0,Trail Blazers,255
Matt Barnes,Matt,20.0,79.0,Barnes,2440.0,2440.0,Matt Barnes,Forward,SAC,1610612758.0,Kings,226
Matthew Dellavedova,Matthew,19.0,76.0,Dellavedova,203521.0,203521.0,Matthew Dellavedova,Guard,MIL,1610612749.0,Bucks,198
Maurice Harkless,Maurice,22.0,81.0,Harkless,203090.0,203090.0,Maurice Harkless,Forward,POR,1610612757.0,Trail Blazers,220
Maurice Ndour,Maurice,10.0,81.0,Ndour,1626254.0,1626254.0,Maurice Ndour,Forward,NYK,1610612752.0,Knicks,200
Metta World Peace,Metta,9.0,79.0,World Peace,1897.0,1897.0,Metta World Peace,Forward,LAL,1610612747.0,Lakers,260
Meyers Leonard,Meyers,20.0,85.0,Leonard,203086.0,203086.0,Meyers Leonard,Forward-Center,POR,1610612757.0,Trail Blazers,255
Michael Beasley,Michael,19.0,82.0,Beasley,201563.0,201563.0,Michael Beasley,Forward,MIL,1610612749.0,Bucks,235
Michael Carter-Williams,Michael,3.0,78.0,Carter-Williams,203487.0,203487.0,Michael Carter-Williams,Guard,CHI,1610612741.0,Bulls,190
Michael Gbinije,Michael,6.0,79.0,Gbinije,1627771.0,1627771.0,Michael Gbinije,Guard-Forward,DET,1610612765.0,Pistons,200
Michael Kidd-Gilchrist,Michael,20.0,79.0,Kidd-Gilchrist,203077.0,203077.0,Michael Kidd-Gilchrist,Forward,CHA,1610612766.0,Hornets,232
Mike Conley,Mike,17.0,73.0,Conley,201144.0,201144.0,Mike Conley,Guard,MEM,1610612763.0,Grizzlies,175
Mike Dunleavy,Mike,15.0,81.0,Dunleavy,2399.0,2399.0,Mike Dunleavy,Guard-Forward,CLE,1610612739.0,Cavaliers,230
Mike Miller,Mike,4.0,80.0,Miller,2034.0,2034.0,Mike Miller,Guard-Forward,DEN,1610612743.0,Nuggets,218
Mike Muscala,Mike,22.0,83.0,Muscala,203488.0,203488.0,Mike Muscala,Forward-Center,ATL,1610612737.0,Hawks,240
Mike Scott,Mike,3.0,80.0,Scott,203118.0,203118.0,Mike Scott,Forward,ATL,1610612737.0,Hawks,237
Miles Plumlee,Miles,17.0,83.0,Plumlee,203101.0,203101.0,Miles Plumlee,Center,MIL,1610612749.0,Bucks,249
Mindaugas Kuzminskas,Mindaugas,17.0,81.0,Kuzminskas,1627851.0,1627851.0,Mindaugas Kuzminskas,Forward,NYK,1610612752.0,Knicks,215
Mirza Teletovic,Mirza,18.0,81.0,Teletovic,203141.0,203141.0,Mirza Teletovic,Forward,MIL,1610612749.0,Bucks,245
Monta Ellis,Monta,21.0,75.0,Ellis,101145.0,101145.0,Monta Ellis,Guard,IND,1610612754.0,Pacers,185
Montrezl Harrell,Montrezl,12.0,80.0,Harrell,1626149.0,1626149.0,Montrezl Harrell,Forward,HOU,1610612745.0,Rockets,240
Myles Turner,Myles,20.0,83.0,Turner,1626167.0,1626167.0,Myles Turner,Center-Forward,IND,1610612754.0,Pacers,243
Nemanja Bjelica,Nemanja,20.0,82.0,Bjelica,202357.0,202357.0,Nemanja Bjelica,Forward,MIN,1610612750.0,Timberwolves,225
Nene,Nene,17.0,83.0,Hilario,2403.0,2403.0,Nene,Center-Forward,HOU,1610612745.0,Rockets,250
Nick Collison,Nick,5.0,82.0,Collison,2555.0,2555.0,Nick Collison,Forward,OKC,1610612760.0,Thunder,255
Nick Young,Nick,18.0,79.0,Young,201156.0,201156.0,Nick Young,Guard-Forward,LAL,1610612747.0,Lakers,210
Nicolas Batum,Nicolas,20.0,80.0,Batum,201587.0,201587.0,Nicolas Batum,Guard-Forward,CHA,1610612766.0,Hornets,200
Nicolas Brussino,Nicolas,15.0,80.0,Brussino,1627852.0,1627852.0,Nicolas Brussino,Forward,DAL,1610612742.0,Mavericks,215
Nicolas Laprovittola,Nicolas,12.0,76.0,Laprovittola,1627879.0,1627879.0,Nicolas Laprovittola,Guard,SAS,1610612759.0,Spurs,180
Nik Stauskas,Nik,21.0,78.0,Stauskas,203917.0,203917.0,Nik Stauskas,Guard,PHI,1610612755.0,76ers,205
Nikola Jokic,Nikola,18.0,82.0,Jokic,203999.0,203999.0,Nikola Jokic,Forward-Center,DEN,1610612743.0,Nuggets,250
Nikola Mirotic,Nikola,20.0,82.0,Mirotic,202703.0,202703.0,Nikola Mirotic,Forward,CHI,1610612741.0,Bulls,238
Nikola Vucevic,Nikola,21.0,84.0,Vucevic,202696.0,202696.0,Nikola Vucevic,Center,ORL,1610612753.0,Magic,260
Noah Vonleh,Noah,17.0,81.0,Vonleh,203943.0,203943.0,Noah Vonleh,Forward,POR,1610612757.0,Trail Blazers,245
Norman Powell,Norman,17.0,76.0,Powell,1626181.0,1626181.0,Norman Powell,Guard,TOR,1610612761.0,Raptors,215
Omer Asik,Omer,22.0,84.0,Asik,201600.0,201600.0,Omer Asik,Center,NOP,1610612740.0,Pelicans,255
Omri Casspi,Omri,11.0,81.0,Casspi,201956.0,201956.0,Omri Casspi,Forward,SAC,1610612758.0,Kings,225
Otto Porter,Otto,19.0,80.0,Porter,203490.0,203490.0,Otto Porter,Forward,WAS,1610612764.0,Wizards,198
PJ Tucker,PJ,20.0,78.0,Tucker,200782.0,200782.0,PJ Tucker,Forward,PHX,1610612756.0,Suns,245
Pascal Siakam,Pascal,21.0,81.0,Siakam,1627783.0,1627783.0,Pascal Siakam,Forward,TOR,1610612761.0,Raptors,230
Pat Connaughton,Pat,9.0,77.0,Connaughton,1626192.0,1626192.0,Pat Connaughton,Guard-Forward,POR,1610612757.0,Trail Blazers,210
Patrick Beverley,Patrick,10.0,73.0,Beverley,201976.0,201976.0,Patrick Beverley,Guard,HOU,1610612745.0,Rockets,185
Patrick McCaw,Patrick,16.0,79.0,McCaw,1627775.0,1627775.0,Patrick McCaw,Guard,GSW,1610612744.0,Warriors,185
Patrick Patterson,Patrick,21.0,81.0,Patterson,202335.0,202335.0,Patrick Patterson,Forward,TOR,1610612761.0,Raptors,235
Patty Mills,Patty,21.0,72.0,Mills,201988.0,201988.0,Patty Mills,Guard,SAS,1610612759.0,Spurs,185
Pau Gasol,Pau,20.0,84.0,Gasol,2200.0,2200.0,Pau Gasol,Center-Forward,SAS,1610612759.0,Spurs,250
Paul George,Paul,14.0,81.0,George,202331.0,202331.0,Paul George,Forward,IND,1610612754.0,Pacers,220
Paul Millsap,Paul,19.0,80.0,Millsap,200794.0,200794.0,Paul Millsap,Forward,ATL,1610612737.0,Hawks,246
Paul Pierce,Paul,6.0,79.0,Pierce,1718.0,1718.0,Paul Pierce,Forward,LAC,1610612746.0,Clippers,235
Paul Zipser,Paul,6.0,80.0,Zipser,1627835.0,1627835.0,Paul Zipser,Forward,CHI,1610612741.0,Bulls,210
RJ Hunter,RJ,3.0,77.0,Hunter,1626154.0,1626154.0,RJ Hunter,Guard,CHI,1610612741.0,Bulls,185
Rajon Rondo,Rajon,17.0,73.0,Rondo,200765.0,200765.0,Rajon Rondo,Guard,CHI,1610612741.0,Bulls,186
Rakeem Christmas,Rakeem,3.0,81.0,Christmas,1626176.0,1626176.0,Rakeem Christmas,Forward,IND,1610612754.0,Pacers,250
Ramon Sessions,Ramon,21.0,75.0,Sessions,201196.0,201196.0,Ramon Sessions,Guard,CHA,1610612766.0,Hornets,190
Randy Foye,Randy,14.0,76.0,Foye,200751.0,200751.0,Randy Foye,Guard,BKN,1610612751.0,Nets,218
Rashad Vaughn,Rashad,10.0,78.0,Vaughn,1626173.0,1626173.0,Rashad Vaughn,Guard,MIL,1610612749.0,Bucks,202
Raul Neto,Raul,8.0,73.0,Neto,203526.0,203526.0,Raul Neto,Guard,UTA,1610612762.0,Jazz,179
Raymond Felton,Raymond,22.0,73.0,Felton,101109.0,101109.0,Raymond Felton,Guard,LAC,1610612746.0,Clippers,205
Reggie Bullock,Reggie,4.0,79.0,Bullock,203493.0,203493.0,Reggie Bullock,Forward,DET,1610612765.0,Pistons,205
Reggie Jackson,Reggie,1.0,75.0,Jackson,202704.0,202704.0,Reggie Jackson,Guard,DET,1610612765.0,Pistons,208
Richard Jefferson,Richard,19.0,79.0,Jefferson,2210.0,2210.0,Richard Jefferson,Forward,CLE,1610612739.0,Cavaliers,233
Richaun Holmes,Richaun,17.0,82.0,Holmes,1626158.0,1626158.0,Richaun Holmes,Forward,PHI,1610612755.0,76ers,245
Ricky Rubio,Ricky,15.0,76.0,Rubio,201937.0,201937.0,Ricky Rubio,Guard,MIN,1610612750.0,Timberwolves,190
Robert Covington,Robert,19.0,81.0,Covington,203496.0,203496.0,Robert Covington,Forward,PHI,1610612755.0,76ers,215
Robin Lopez,Robin,20.0,84.0,Lopez,201577.0,201577.0,Robin Lopez,Center,CHI,1610612741.0,Bulls,255
Rodney Hood,Rodney,20.0,80.0,Hood,203918.0,203918.0,Rodney Hood,Guard,UTA,1610612762.0,Jazz,206
Rodney McGruder,Rodney,19.0,76.0,McGruder,203585.0,203585.0,Rodney McGruder,Guard,MIA,1610612748.0,Heat,205
Rodney Stuckey,Rodney,11.0,77.0,Stuckey,201155.0,201155.0,Rodney Stuckey,Guard,IND,1610612754.0,Pacers,205
Ron Baker,Ron,4.0,76.0,Baker,1627758.0,1627758.0,Ron Baker,Guard,NYK,1610612752.0,Knicks,220
Rondae Hollis-Jefferson,Rondae,17.0,79.0,Hollis-Jefferson,1626178.0,1626178.0,Rondae Hollis-Jefferson,Forward,BKN,1610612751.0,Nets,214
Roy Hibbert,Roy,16.0,86.0,Hibbert,201579.0,201579.0,Roy Hibbert,Center,CHA,1610612766.0,Hornets,270
Rudy Gay,Rudy,19.0,80.0,Gay,200752.0,200752.0,Rudy Gay,Forward,SAC,1610612758.0,Kings,230
Rudy Gobert,Rudy,22.0,85.0,Gobert,203497.0,203497.0,Rudy Gobert,Center,UTA,1610612762.0,Jazz,245
Russell Westbrook,Russell,22.0,75.0,Westbrook,201566.0,201566.0,Russell Westbrook,Guard,OKC,1610612760.0,Thunder,200
Ryan Anderson,Ryan,21.0,82.0,Anderson,201583.0,201583.0,Ryan Anderson,Forward,HOU,1610612745.0,Rockets,240
Ryan Kelly,Ryan,8.0,83.0,Kelly,203527.0,203527.0,Ryan Kelly,Forward,ATL,1610612737.0,Hawks,230
Salah Mejri,Salah,16.0,86.0,Mejri,1626257.0,1626257.0,Salah Mejri,Center,DAL,1610612742.0,Mavericks,245
Sam Dekker,Sam,21.0,81.0,Dekker,1626155.0,1626155.0,Sam Dekker,Forward,HOU,1610612745.0,Rockets,230
Sasha Vujacic,Sasha,13.0,79.0,Vujacic,2756.0,2756.0,Sasha Vujacic,Guard,NYK,1610612752.0,Knicks,195
Sean Kilpatrick,Sean,20.0,76.0,Kilpatrick,203930.0,203930.0,Sean Kilpatrick,Guard,BKN,1610612751.0,Nets,219
Semaj Christon,Semaj,21.0,75.0,Christon,203902.0,203902.0,Semaj Christon,Guard,OKC,1610612760.0,Thunder,190
Serge Ibaka,Serge,21.0,82.0,Ibaka,201586.0,201586.0,Serge Ibaka,Forward,ORL,1610612753.0,Magic,235
Sergio Rodriguez,Sergio,21.0,75.0,Rodriguez,200771.0,200771.0,Sergio Rodriguez,Guard,PHI,1610612755.0,76ers,176
Seth Curry,Seth,17.0,74.0,Curry,203552.0,203552.0,Seth Curry,Guard,DAL,1610612742.0,Mavericks,185
Shabazz Muhammad,Shabazz,17.0,78.0,Muhammad,203498.0,203498.0,Shabazz Muhammad,Forward,MIN,1610612750.0,Timberwolves,223
Shabazz Napier,Shabazz,13.0,73.0,Napier,203894.0,203894.0,Shabazz Napier,Guard,POR,1610612757.0,Trail Blazers,175
Shaun Livingston,Shaun,21.0,79.0,Livingston,2733.0,2733.0,Shaun Livingston,Guard,GSW,1610612744.0,Warriors,192
Sheldon McClellan,Sheldon,7.0,78.0,McClellan,1627815.0,1627815.0,Sheldon McClellan,Guard-Forward,WAS,1610612764.0,Wizards,200
Shelvin Mack,Shelvin,22.0,75.0,Mack,202714.0,202714.0,Shelvin Mack,Guard,UTA,1610612762.0,Jazz,203
Skal Labissiere,Skal,1.0,83.0,Labissiere,1627746.0,1627746.0,Skal Labissiere,Forward-Center,SAC,1610612758.0,Kings,225
Solomon Hill,Solomon,22.0,79.0,Hill,203524.0,203524.0,Solomon Hill,Forward,NOP,1610612740.0,Pelicans,225
Spencer Hawes,Spencer,20.0,85.0,Hawes,201150.0,201150.0,Spencer Hawes,Forward-Center,CHA,1610612766.0,Hornets,245
Stanley Johnson,Stanley,19.0,79.0,Johnson,1626169.0,1626169.0,Stanley Johnson,Forward,DET,1610612765.0,Pistons,245
Stephen Curry,Stephen,21.0,75.0,Curry,201939.0,201939.0,Stephen Curry,Guard,GSW,1610612744.0,Warriors,190
Stephen Zimmerman,Stephen,2.0,84.0,Zimmerman,1627757.0,1627757.0,Stephen Zimmerman,Center,ORL,1610612753.0,Magic,240
Steve Novak,Steve,2.0,82.0,Novak,200779.0,200779.0,Steve Novak,Forward,MIL,1610612749.0,Bucks,225
Steven Adams,Steven,22.0,84.0,Adams,203500.0,203500.0,Steven Adams,Center,OKC,1610612760.0,Thunder,255
TJ McConnell,TJ,21.0,74.0,McConnell,204456.0,204456.0,TJ McConnell,Guard,PHI,1610612755.0,76ers,200
TJ Warren,TJ,13.0,80.0,Warren,203933.0,203933.0,TJ Warren,Forward,PHX,1610612756.0,Suns,225
Taj Gibson,Taj,20.0,81.0,Gibson,201959.0,201959.0,Taj Gibson,Forward,CHI,1610612741.0,Bulls,236
Tarik Black,Tarik,23.0,81.0,Black,204028.0,204028.0,Tarik Black,Center-Forward,LAL,1610612747.0,Lakers,250
Taurean Prince,Taurean,14.0,80.0,Prince,1627752.0,1627752.0,Taurean Prince,Forward,ATL,1610612737.0,Hawks,220
Terrence Jones,Terrence,21.0,81.0,Jones,203093.0,203093.0,Terrence Jones,Forward,NOP,1610612740.0,Pelicans,255
Terrence Ross,Terrence,20.0,79.0,Ross,203082.0,203082.0,Terrence Ross,Forward,TOR,1610612761.0,Raptors,195
Terry Rozier,Terry,21.0,74.0,Rozier,1626179.0,1626179.0,Terry Rozier,Guard,BOS,1610612738.0,Celtics,190
Thabo Sefolosha,Thabo,19.0,79.0,Sefolosha,200757.0,200757.0,Thabo Sefolosha,Forward,ATL,1610612737.0,Hawks,220
Thaddeus Young,Thaddeus,21.0,80.0,Young,201152.0,201152.0,Thaddeus Young,Forward,IND,1610612754.0,Pacers,221
Thomas Robinson,Thomas,14.0,82.0,Robinson,203080.0,203080.0,Thomas Robinson,Forward,LAL,1610612747.0,Lakers,237
Thon Maker,Thon,6.0,85.0,Maker,1627748.0,1627748.0,Thon Maker,Forward-Center,MIL,1610612749.0,Bucks,223
Tim Frazier,Tim,22.0,73.0,Frazier,204025.0,204025.0,Tim Frazier,Guard,NOP,1610612740.0,Pelicans,170
Tim Hardaway Jr.,Tim,22.0,78.0,Hardaway Jr.,203501.0,203501.0,Tim Hardaway Jr.,Guard,ATL,1610612737.0,Hawks,205
Tim Quarterman,Tim,7.0,78.0,Quarterman,1627817.0,1627817.0,Tim Quarterman,Guard,POR,1610612757.0,Trail Blazers,190
Timofey Mozgov,Timofey,22.0,85.0,Mozgov,202389.0,202389.0,Timofey Mozgov,Center,LAL,1610612747.0,Lakers,275
Timothe Luwawu-Cabarrot,Timothe,14.0,78.0,Luwawu-Cabarrot,1627789.0,1627789.0,Timothe Luwawu-Cabarrot,Guard-Forward,PHI,1610612755.0,76ers,205
Tobias Harris,Tobias,22.0,81.0,Harris,202699.0,202699.0,Tobias Harris,Forward,DET,1610612765.0,Pistons,235
Tomas Satoransky,Tomas,18.0,79.0,Satoransky,203107.0,203107.0,Tomas Satoransky,Guard-Forward,WAS,1610612764.0,Wizards,210
Toney Douglas,Toney,1.0,74.0,Douglas,201962.0,201962.0,Toney Douglas,Guard,MEM,1610612763.0,Grizzlies,195
Tony Allen,Tony,15.0,76.0,Allen,2754.0,2754.0,Tony Allen,Guard-Forward,MEM,1610612763.0,Grizzlies,213
Tony Parker,Tony,14.0,74.0,Parker,2225.0,2225.0,Tony Parker,Guard,SAS,1610612759.0,Spurs,185
Tony Snell,Tony,18.0,79.0,Snell,203503.0,203503.0,Tony Snell,Guard-Forward,MIL,1610612749.0,Bucks,217
Treveon Graham,Treveon,5.0,78.0,Graham,1626203.0,1626203.0,Treveon Graham,Guard-Forward,CHA,1610612766.0,Hornets,226
Trevor Ariza,Trevor,21.0,80.0,Ariza,2772.0,2772.0,Trevor Ariza,Forward,HOU,1610612745.0,Rockets,215
Trevor Booker,Trevor,19.0,80.0,Booker,202344.0,202344.0,Trevor Booker,Forward,BKN,1610612751.0,Nets,228
Trey Burke,Trey,15.0,73.0,Burke,203504.0,203504.0,Trey Burke,Guard,WAS,1610612764.0,Wizards,191
Trey Lyles,Trey,22.0,82.0,Lyles,1626168.0,1626168.0,Trey Lyles,Forward,UTA,1610612762.0,Jazz,234
Tristan Thompson,Tristan,19.0,81.0,Thompson,202684.0,202684.0,Tristan Thompson,Center,CLE,1610612739.0,Cavaliers,238
Troy Daniels,Troy,11.0,76.0,Daniels,203584.0,203584.0,Troy Daniels,Guard,MEM,1610612763.0,Grizzlies,205
Troy Williams,Troy,16.0,79.0,Williams,1627786.0,1627786.0,Troy Williams,Forward,MEM,1610612763.0,Grizzlies,210
Ty Lawson,Ty,20.0,71.0,Lawson,201951.0,201951.0,Ty Lawson,Guard,SAC,1610612758.0,Kings,195
Tyler Ennis,Tyler,14.0,75.0,Ennis,203898.0,203898.0,Tyler Ennis,Guard,HOU,1610612745.0,Rockets,194
Tyler Johnson,Tyler,19.0,76.0,Johnson,204020.0,204020.0,Tyler Johnson,Guard,MIA,1610612748.0,Heat,186
Tyler Ulis,Tyler,12.0,70.0,Ulis,1627755.0,1627755.0,Tyler Ulis,Guard,PHX,1610612756.0,Suns,150
Tyler Zeller,Tyler,20.0,84.0,Zeller,203092.0,203092.0,Tyler Zeller,Center,BOS,1610612738.0,Celtics,253
Tyson Chandler,Tyson,12.0,85.0,Chandler,2199.0,2199.0,Tyson Chandler,Center,PHX,1610612756.0,Suns,240
Tyus Jones,Tyus,14.0,74.0,Jones,1626145.0,1626145.0,Tyus Jones,Guard,MIN,1610612750.0,Timberwolves,195
Udonis Haslem,Udonis,6.0,80.0,Haslem,2617.0,2617.0,Udonis Haslem,Forward,MIA,1610612748.0,Heat,235
Victor Oladipo,Victor,22.0,76.0,Oladipo,203506.0,203506.0,Victor Oladipo,Guard,OKC,1610612760.0,Thunder,210
Vince Carter,Vince,18.0,78.0,Carter,1713.0,1713.0,Vince Carter,Guard-Forward,MEM,1610612763.0,Grizzlies,220
Wade Baldwin,Wade,15.0,76.0,Baldwin,1627735.0,1627735.0,Wade Baldwin,Guard,MEM,1610612763.0,Grizzlies,202
Wayne Ellington,Wayne,4.0,76.0,Ellington,201961.0,201961.0,Wayne Ellington,Guard,MIA,1610612748.0,Heat,200
Wesley Johnson,Wesley,16.0,79.0,Johnson,202325.0,202325.0,Wesley Johnson,Forward,LAC,1610612746.0,Clippers,215
Wesley Matthews,Wesley,19.0,77.0,Matthews,202083.0,202083.0,Wesley Matthews,Guard-Forward,DAL,1610612742.0,Mavericks,220
Will Barton,Will,9.0,78.0,Barton,203115.0,203115.0,Will Barton,Guard-Forward,DEN,1610612743.0,Nuggets,175
Willie Cauley-Stein,Willie,16.0,84.0,Cauley-Stein,1626161.0,1626161.0,Willie Cauley-Stein,Center,SAC,1610612758.0,Kings,240
Willie Reed,Willie,13.0,82.0,Reed,203186.0,203186.0,Willie Reed,Forward-Center,MIA,1610612748.0,Heat,220
Willy Hernangomez,Willy,17.0,83.0,Hernangomez,1626195.0,1626195.0,Willy Hernangomez,Center,NYK,1610612752.0,Knicks,240
Wilson Chandler,Wilson,19.0,80.0,Chandler,201163.0,201163.0,Wilson Chandler,Forward,DEN,1610612743.0,Nuggets,225
Yogi Ferrell,Yogi,10.0,72.0,Ferrell,1627812.0,1627812.0,Yogi Ferrell,Guard,BKN,1610612751.0,Nets,180
Zach LaVine,Zach,19.0,77.0,LaVine,203897.0,203897.0,Zach LaVine,Guard,MIN,1610612750.0,Timberwolves,185
Zach Randolph,Zach,15.0,81.0,Randolph,2216.0,2216.0,Zach Randolph,Forward,MEM,1610612763.0,Grizzlies,260
Zaza Pachulia,Zaza,21.0,83.0,Pachulia,2585.0,2585.0,Zaza Pachulia,Center,GSW,1610612744.0,Warriors,275
